<?xml version="1.0" encoding="UTF-8" ?>
<!DOCTYPE mapper PUBLIC "-//mybatis.org//DTD Mapper 3.0//EN" "http://mybatis.org/dtd/mybatis-3-mapper.dtd">

<mapper namespace="CustomEvent">
    <resultMap id="resultMap-CustomEvent" type="CustomEvent">
        <result property="ruleId" column="rule_id"/>
        <result property="eventTypeId" column="event_type_id"/>
        <result property="createTime" column="create_time"/>
        <result property="createUser" column="create_user"/>
        <result property="modifyTime" column="modify_time"/>
        <result property="modifyUser" column="modify_user"/>
        <result property="eventType" column="event_type"/>
    </resultMap>
    <resultMap id="resultMap-QueryRule" type="QueryRule">
        <result property="sparkTableName" column="spark_table_name"/>
        <result property="createTime" column="create_time"/>
        <result property="modifyTime" column="modify_time"/>
        <result property="resultTable" column="result_table"/>
        <result property="keepDays" column="keep_days"/>
        <result property="isEnable" column="is_enable"/>
    </resultMap>

    <insert id="save" parameterType="CustomEvent">
        <selectKey resultType="java.lang.Long" keyProperty="id" order="BEFORE">
            SELECT
            SEQ_VAST_CUSTOM_EVENT.NEXTVAL as id FROM DUAL
        </selectKey>
        INSERT INTO VAST_CUSTOM_EVENT
        (ID,NAME,DESCRIPTION,DIMENSIONS,LABEL,RULE_ID,EVENT_TYPE_ID,CREATE_TIME,CREATE_USER)
        VALUES
        (#{id},#{name},#{description},#{dimensions},#{label},#{ruleId},#{eventTypeId},sysdate,#{createUser}
        )
    </insert>

    <update id="update" parameterType="CustomEvent">
        update VAST_CUSTOM_EVENT
        <set>
            MODIFY_TIME=sysdate ,
            MODIFY_USER=#{modifyUser},
            <if test="description!=null and description!='' ">
                DESCRIPTION=#{description},
            </if>
            <if test="dimensions!=null and dimensions!='' ">
                DIMENSIONS=#{dimensions},
            </if>
            <if test="name!=null and name!='' ">
                NAME=#{name},
            </if>
            <if test="label!=null and label!='' ">
                LABEL=#{label},
            </if>
            <if test="eventTypeId!=null and eventTypeId>0">
                EVENT_TYPE_ID=#{eventTypeId},
            </if>
        </set>
        where ID=#{id}
    </update>

    <select id="get" parameterType="CustomEvent" resultMap="resultMap-CustomEvent">
        select *
        from VAST_CUSTOM_EVENT
        <where>
            <if test="id!=null and id>0">and ID=#{id}</if>
            <if test="name!=null and name!=''">and NAME=#{name}</if>
            <if test="label!=null and label!=''">and label=#{label}</if>
        </where>
    </select>

    <select id="getById" parameterType="Long" resultMap="resultMap-CustomEvent">
        select *
        from VAST_CUSTOM_EVENT
        where ID=#{id}
    </select>

    <delete id="delete" parameterType="Long">
        delete from VAST_CUSTOM_EVENT
        where ID=#{id}
    </delete>

    <select id="list" parameterType="CustomEvent" resultMap="resultMap-CustomEvent">
        select *
        from VAST_CUSTOM_EVENT t1
        LEFT JOIN vast_custom_event_type t2
        ON t1.event_type_id = t2.id
        WHERE 1=1
        <include refid="condition"/>
        order by t1.id desc
    </select>

    <select id="listPage" parameterType="Map" resultMap="resultMap-CustomEvent">
        SELECT * FROM (
        SELECT A.*, ROWNUM RN FROM (
        SELECT t1.*,t2.event_type
        FROM VAST_CUSTOM_EVENT t1
        LEFT JOIN vast_custom_event_type t2
        ON t1.event_type_id = t2.id
        WHERE 1=1
        <include refid="condition"/>
        order by t1.id desc ) A WHERE ROWNUM &lt;=#{end} ) WHERE RN &gt;=#{begin}
    </select>

    <select id="count" parameterType="CustomEvent"  resultType="Long">
        SELECT count(1)
        FROM VAST_CUSTOM_EVENT t1
        LEFT JOIN vast_custom_event_type t2
        ON t1.event_type_id = t2.id
        WHERE 1=1
        <include refid="condition"/>
    </select>

    <select id="getQueryRule" parameterType="CustomEvent" resultMap="resultMap-QueryRule">
        <![CDATA[
        SELECT * FROM VAST_QUERY_RULE
        WHERE ID IN (SELECT distinct rule_id FROM VAST_CUSTOM_EVENT WHERE name=#{name} and label=#{label}) AND ROWNUM=1
        ]]>
    </select>

    <sql id="condition">
        <if test="id!=null and id>0">and t1.ID=#{id}</if>
        <if test="name!=null and name!=''">and NAME=#{name}</if>
        <if test="label!=null and label!=''">and label=#{label}</if>
        <if test="eventTypeId!=null and eventTypeId>0">and t1.event_type_id=#{eventTypeId}</if>
    </sql>

</mapper>
