<?xml version="1.0"?>

<configuration>
<property>
  <name>hive.metastore.uris</name>
  <value>thrift://CNSZ033398:9083</value>
  <description>IP address (or fully-qualified domain name) and port of the metastore host</description>
</property>

<property>
<name>hive.metastore.schema.verification</name>
<value>true</value>
</property>

<property>
  <name>mapreduce.job.reduce.slowstart.completedmaps</name>
  <value>1</value>
  <description>Fraction of the number of maps in the job which should be
       complete before reduces are scheduled for the job.
  </description>
</property>
  <property>
    <name>hive.auto.convert.join</name>
    <value>true</value>
  </property>
  <property>
    <name>hive.fetch.task.conversion.threshold</name>
    <value>128000000</value>
  </property>
  <property>
    <name>yarn.nodemanager.sleep-delay-before-sigkill.ms</name>
    <value>2500</value>
  </property>
  <property>
    <name>hive.exec.orc.default.compress</name>
    <value>SNAPPY</value>
  </property>
</configuration>
