<assembly xmlns="http://maven.apache.org/POM/4.0.0" xmlns:xsi="http://www.w3.org/2001/XMLSchema-instance"
          xsi:schemaLocation="http://maven.apache.org/POM/4.0.0 http://maven.apache.org/xsd/assembly-1.0.0.xsd">
    <id>package</id>
    <formats>
        <format>zip</format>
    </formats>
    <includeBaseDirectory>false</includeBaseDirectory>
    <files>
        <file>
            <source>target/${project.artifactId}-${project.version}.jar</source>
            <outputDirectory>common</outputDirectory>
            <destName>${project.artifactId}-${project.version}.jar</destName>
        </file>
    </files>
    <fileSets>
       <!-- <fileSet>
            <directory>src/main/resources</directory>
            <outputDirectory>common</outputDirectory>
        </fileSet>-->
    </fileSets>
</assembly>