<?xml version="1.0" encoding="UTF-8"?>
<project xmlns="http://maven.apache.org/POM/4.0.0" xmlns:xsi="http://www.w3.org/2001/XMLSchema-instance" xsi:schemaLocation="http://maven.apache.org/POM/4.0.0 http://maven.apache.org/maven-v4_0_0.xsd">
  <parent>
    <artifactId>fink.jobs</artifactId>
    <groupId>com.pingan.stock</groupId>
    <version>0.0.1-SNAPSHOT</version>
  </parent>
  <modelVersion>4.0.0</modelVersion>
  <artifactId>collect3-rtcompute</artifactId>
  <name>collect3 rtcompute Job</name>
  <version>1.1-SNAPSHOT</version>
  <build>
    <resources>
      <resource>
        <filtering>true</filtering>
        <directory>src/main/resources</directory>
      </resource>
    </resources>
    <plugins>
      <plugin>
        <artifactId>maven-compiler-plugin</artifactId>
        <version>3.1</version>
        <configuration>
          <source>${java.version}</source>
          <target>${java.version}</target>
        </configuration>
      </plugin>
      <plugin>
        <artifactId>maven-clean-plugin</artifactId>
        <version>3.1.0</version>
        <configuration />
      </plugin>
      <plugin>
        <artifactId>maven-shade-plugin</artifactId>
        <version>3.0.0</version>
        <executions>
          <execution>
            <phase>package</phase>
            <goals>
              <goal>shade</goal>
            </goals>
            <configuration>
              <artifactSet>
                <excludes>
                  <exclude>org.apache.flink:force-shading</exclude>
                  <exclude>com.google.code.findbugs:jsr305</exclude>
                  <exclude>org.slf4j:*</exclude>
                  <exclude>log4j:*</exclude>
                </excludes>
              </artifactSet>
              <filters>
                <filter>
                  <artifact>*:*</artifact>
                  <excludes>
                    <exclude>META-INF/*.SF</exclude>
                    <exclude>META-INF/*.DSA</exclude>
                    <exclude>META-INF/*.RSA</exclude>
                  </excludes>
                </filter>
              </filters>
              <transformers>
                <transformer>
                  <mainClass>com.pingan.stock.data.collect3.MessageToEs</mainClass>
                </transformer>
              </transformers>
            </configuration>
          </execution>
        </executions>
      </plugin>
      <plugin>
        <artifactId>maven-assembly-plugin</artifactId>
        <version>2.6</version>
        <executions>
          <execution>
            <id>dist</id>
            <phase>package</phase>
            <goals>
              <goal>single</goal>
            </goals>
            <configuration>
              <descriptors>
                <descriptor>assembly.xml</descriptor>
              </descriptors>
              <outputDirectory>../target</outputDirectory>
              <finalName>WebParser</finalName>
            </configuration>
          </execution>
        </executions>
        <configuration>
          <appendAssemblyId>false</appendAssemblyId>
        </configuration>
      </plugin>
    </plugins>
  </build>
  <profiles>
    <profile>
      <id>add-dependencies-for-IDEA</id>
      <dependencies>
        <dependency>
          <groupId>org.apache.flink</groupId>
          <artifactId>flink-java</artifactId>
          <version>1.5.0</version>
          <scope>compile</scope>
        </dependency>
        <dependency>
          <groupId>org.apache.flink</groupId>
          <artifactId>flink-streaming-java_2.11</artifactId>
          <version>1.5.0</version>
          <scope>compile</scope>
        </dependency>
      </dependencies>
    </profile>
    <profile>
      <id>uat</id>
      <build>
        <filters>
          <filter>src/main/resources/uat/config.properties</filter>
        </filters>
      </build>
      <properties>
        <profiles.active>uat</profiles.active>
      </properties>
    </profile>
    <profile>
      <id>prd</id>
      <build>
        <filters>
          <filter>src/main/resources/prd/config.properties</filter>
        </filters>
      </build>
      <properties>
        <profiles.active>prd</profiles.active>
      </properties>
    </profile>
  </profiles>
  <repositories>
    <repository>
      <releases>
        <enabled>false</enabled>
      </releases>
      <snapshots />
      <id>apache.snapshots</id>
      <name>Apache Development Snapshot Repository</name>
      <url>https://repository.apache.org/content/repositories/snapshots/</url>
    </repository>
  </repositories>
  <dependencies>
    <dependency>
      <groupId>org.slf4j</groupId>
      <artifactId>slf4j-log4j12</artifactId>
      <version>1.7.7</version>
      <scope>runtime</scope>
    </dependency>
    <dependency>
      <groupId>log4j</groupId>
      <artifactId>log4j</artifactId>
      <version>1.2.17</version>
      <scope>runtime</scope>
    </dependency>
  </dependencies>
  <properties>
    <java.version>1.8</java.version>
    <scala.binary.version>2.11</scala.binary.version>
    <flink.version>1.5.0</flink.version>
    <maven.compiler.source>${java.version}</maven.compiler.source>
    <project.build.sourceEncoding>UTF-8</project.build.sourceEncoding>
    <maven.compiler.target>${java.version}</maven.compiler.target>
  </properties>
</project>

