<?xml version="1.0" encoding="UTF-8"?>
<configuration>
    <appender name="file" class="ch.qos.logback.core.FileAppender">
        <file>${log.file}</file>
        <append>false</append>
        <encoder>
            <pattern>%d{HH:mm:ss.SSS} [%thread] %-5level %logger{60} %X{sourceThread} - %msg%n</pattern>
        </encoder>
    </appender>
    <logger name="org.apache.flink.runtime.jobgraph.JobGraph" level="DEBUG"/>
    <root level="INFO">
        <appender-ref ref="file"/>
    </root>

</configuration>
