<assembly
        xmlns="http://maven.apache.org/plugins/maven-assembly-plugin/assembly/1.1.2"
        xmlns:xsi="http://www.w3.org/2001/XMLSchema-instance"
        xsi:schemaLocation="http://maven.apache.org/plugins/maven-assembly-plugin/assembly/1.1.2 http://maven.apache.org/xsd/assembly-1.1.2.xsd">
    <id>project</id>
    <formats>
        <format>zip</format>
    </formats>
    <includeBaseDirectory>false</includeBaseDirectory>

    <fileSets>
        <!--需要包含的文件与输出的路径-->
        <fileSet>
            <directory>${project.build.directory}</directory>
            <outputDirectory>common</outputDirectory>
            <includes>
                <include>${artifactId}-${version}.jar</include>
            </includes>
        </fileSet>
        <fileSet>
            <directory>scripts</directory>
            <outputDirectory>common</outputDirectory>
            <fileMode>0755</fileMode>
        </fileSet>
    </fileSets>

</assembly>