<?xml version="1.0" encoding="UTF-8"?>
<project xmlns="http://maven.apache.org/POM/4.0.0" xmlns:xsi="http://www.w3.org/2001/XMLSchema-instance" xsi:schemaLocation="http://maven.apache.org/POM/4.0.0 http://maven.apache.org/maven-v4_0_0.xsd">
  <modelVersion>4.0.0</modelVersion>
  <groupId>com.pingan.flink</groupId>
  <artifactId>WebParser</artifactId>
  <version>1.0-SNAPSHOT</version>
  <build>
    <resources>
      <resource>
        <directory>src/main/resources</directory>
        <includes>
          <include>FlinkToKafka.properties</include>
        </includes>
      </resource>
    </resources>
    <plugins>
      <plugin>
        <artifactId>maven-compiler-plugin</artifactId>
        <configuration>
          <source>1.8</source>
          <target>1.8</target>
        </configuration>
      </plugin>
      <plugin>
        <artifactId>maven-shade-plugin</artifactId>
        <version>3.0.0</version>
        <executions>
          <execution>
            <phase>package</phase>
            <goals>
              <goal>shade</goal>
            </goals>
            <configuration>
              <transformers>
                <transformer>
                  <mainClass>com.pingan.flink.Main</mainClass>
                </transformer>
              </transformers>
            </configuration>
          </execution>
        </executions>
      </plugin>
    </plugins>
  </build>
  <dependencies>
    <dependency>
      <groupId>org.apache.flink</groupId>
      <artifactId>flink-streaming-java_2.11</artifactId>
      <version>1.4.0</version>
      <scope>provided</scope>
      <exclusions>
        <exclusion>
          <artifactId>flink-runtime_2.11</artifactId>
          <groupId>org.apache.flink</groupId>
        </exclusion>
        <exclusion>
          <artifactId>flink-clients_2.11</artifactId>
          <groupId>org.apache.flink</groupId>
        </exclusion>
        <exclusion>
          <artifactId>flink-shaded-guava</artifactId>
          <groupId>org.apache.flink</groupId>
        </exclusion>
        <exclusion>
          <artifactId>org.apache.sling.commons.json</artifactId>
          <groupId>org.apache.sling</groupId>
        </exclusion>
      </exclusions>
    </dependency>
  </dependencies>
  <properties>
    <avro.version>1.7.7</avro.version>
    <scala.classifier>2.11</scala.classifier>
    <commons-codec.version>20041127.091804</commons-codec.version>
    <project.build.sourceEncoding>UTF-8</project.build.sourceEncoding>
    <spark.version>2.1.2</spark.version>
    <kafka.version>0.8.2.2</kafka.version>
    <fastjson.version>1.1.39</fastjson.version>
  </properties>
</project>

