<?xml version="1.0"?>
<configuration>
  <property>
    <name>fs.defaultFS</name>
    <value>hdfs://pasc</value>
  </property>
  <property>
    <name>fs.trash.interval</name>
    <value>1440</value>
  </property>
  <property>
    <name>fs.trash.checkpoint.interval</name>
    <value>720</value>
  </property>
  <property>
    <name>ha.zookeeper.quorum</name>
    <value>cnsz033391,cnsz033392,cnsz033393,cnsz033394,cnsz033398</value>
  </property>
  <property>
    <name>hadoop.proxyuser.mapred.groups</name>
    <value>*</value>
  </property>
  <property>
    <name>hadoop.proxyuser.mapred.hosts</name>
    <value>*</value>
  </property>
  <property>
    <name>hadoop.proxyuser.hue.groups</name>
    <value>*</value>
  </property>
  <property>
    <name>hadoop.proxyuser.hue.hosts</name>
    <value>*</value>
  </property>
</configuration>
