<?xml version="1.0"?>
<configuration>
  <property>
    <name>dfs.nameservices</name>
    <value>pasc</value>
  </property>
  <property>
    <name>dfs.ha.namenodes.pasc</name>
    <value>CNSZ033395,CNSZ033396</value>
  </property>
  <property>
    <name>dfs.namenode.rpc-address.pasc.CNSZ033395</name>
    <value>cnsz033395:8020</value>
  </property>
  <property>
    <name>dfs.namenode.http-address.pasc.CNSZ033395</name>
    <value>cnsz033395:50070</value>
  </property>
  <property>
    <name>dfs.namenode.rpc-address.pasc.CNSZ033396</name>
    <value>cnsz033396:8020</value>
  </property>
  <property>
    <name>dfs.namenode.http-address.pasc.CNSZ033396</name>
    <value>cnsz033396:50070</value>
  </property>
  <property>
    <name>dfs.namenode.shared.edits.dir</name>
    <value>qjournal://cnsz033395:8485;cnsz033396:8485;cnsz033394:8485/pasc</value>
  </property>
  <property>
    <name>dfs.journalnode.edits.dir</name>
    <value>/appcom/jn</value>
  </property>
  <property>
    <name>dfs.ha.automatic-failover.enabled</name>
    <value>true</value>
  </property>
  <property>
    <name>dfs.replication</name>
    <value>3</value>
  </property>
  <property>
    <name>dfs.namenode.name.dir</name>
    <value>/appcom/nn</value>
  </property>
  <property>
    <name>dfs.datanode.data.dir</name>
    <value>/data/data01/dn,/data/data02/dn,/data/data03/dn,/data/data04/dn,/data/data05/dn,/data/data06/dn,/data/data07/dn,/data/data08/dn,/data/data09/dn,/data/data10/dn,/data/data11/dn,/data/data12/dn</value>
  </property>
  <property>
    <name>dfs.webhdfs.enabled</name>
    <value>true</value>
  </property>
  <property>
    <name>dfs.ha.fencing.methods</name>
    <value>sshfence</value>
  </property>
  <property>
    <name>dfs.ha.fencing.ssh.private-key-files</name>
    <value>/var/lib/hadoop-hdfs/.ssh/id_rsa</value>
  </property>
  <property>
    <name>dfs.ha.fencing.ssh.connect-timeout</name>
    <value>5000</value>
  </property>
  <property>
    <name>dfs.client.failover.proxy.provider.pasc</name>
    <value>org.apache.hadoop.hdfs.server.namenode.ha.ConfiguredFailoverProxyProvider</value>
  </property>
  <!-- for performance args -->
  <property>
    <name>dfs.datanode.max.xcievers</name>
    <value>8192</value>
  </property>
  <property>
    <name>dfs.namenode.handler.count</name>
    <value>128</value>
  </property>
  <property>
    <name>dfs.stream-buffer-size</name>
    <value>65536</value>
  </property>
  <property>
    <name>dfs.balance.bandwidthPerSec</name>
    <value>41943040</value>
    <description>
    Specifies the maximum amount of bandwidth that each datanode can utilize for the balancing purpose in term of the number of bytes per second.
  </description>
  </property>
  <property>
    <name>dfs.datanode.handler.count</name>
    <value>24</value>
  </property>
  <property>
    <name>dfs.namenode.service.handler.count</name>
    <value>32</value>
  </property>
  <property>
    <name>dfs.datanode.failed.volumes.tolerated</name>
    <value>1</value>
  </property>
  <!-- for decommission datanode -->
  <property>
    <name>dfs.hosts.exclude</name>
    <value>/etc/hadoop/conf/hdfs_exclude</value>
  </property>
  <property>
    <name>topology.script.file.name</name>
    <value>/etc/hadoop/conf/RackAware.py</value>
  </property>
</configuration>
