<?xml version="1.0" encoding="UTF-8"?>
<beans xmlns="http://www.springframework.org/schema/beans"
       xmlns:task="http://www.springframework.org/schema/task" xmlns:xsi="http://www.w3.org/2001/XMLSchema-instance"
       xmlns:context="http://www.springframework.org/schema/context"
       xmlns:mvc="http://www.springframework.org/schema/mvc"
       xsi:schemaLocation="
		http://www.springframework.org/schema/beans
		http://www.springframework.org/schema/beans/spring-beans-4.0.xsd
		http://www.springframework.org/schema/context 
		http://www.springframework.org/schema/context/spring-context-4.0.xsd
		http://www.springframework.org/schema/mvc
        http://www.springframework.org/schema/mvc/spring-mvc-4.0.xsd
        http://www.springframework.org/schema/task
        http://www.springframework.org/schema/task/spring-task-4.0.xsd">

    <context:component-scan base-package="com.paic.data.dsphbd.view"/>
    <mvc:annotation-driven>
        <mvc:message-converters register-defaults="true">
            <bean
                    class="org.springframework.http.converter.StringHttpMessageConverter">
                <property name="supportedMediaTypes">
                    <list>
                        <value>text/plain;charset=UTF-8</value>
                        <value>text/html;charset=UTF-8</value>
                        <value>application/json;charset=UTF-8</value>
                        <value>application/xml;charset=UTF-8</value>
                    </list>
                </property>
            </bean>
            <bean id="fastJsonHttpMessageConverter"
                  class="com.alibaba.fastjson.support.spring.FastJsonHttpMessageConverter"/>
        </mvc:message-converters>
    </mvc:annotation-driven>
    <mvc:resources mapping="/header/**" location="/header/" />
</beans>