<?xml version="1.0" encoding="UTF-8"?>
<beans xmlns="http://www.springframework.org/schema/beans"
       xmlns:xsi="http://www.w3.org/2001/XMLSchema-instance"
       xmlns:context="http://www.springframework.org/schema/context"
       xmlns:p="http://www.springframework.org/schema/p" xmlns:tx="http://www.springframework.org/schema/tx"
       xsi:schemaLocation="http://www.springframework.org/schema/beans
			http://www.springframework.org/schema/beans/spring-beans-3.0.xsd
			http://www.springframework.org/schema/context
			http://www.springframework.org/schema/context/spring-context.xsd
			http://www.springframework.org/schema/tx http://www.springframework.org/schema/tx/spring-tx-3.0.xsd">

    <bean id="dataSource" class="com.alibaba.druid.pool.DruidDataSource"
          destroy-method="close">
        <property name="url" value="${jdbc.url}"/>
        <property name="username" value="${jdbc.username}"/>
        <property name="password" value="${jdbc.password}"/>
        <!-- 配置初始化大小、最小、最大 -->
        <property name="initialSize" value="${jdbc.initialSize}"/>
        <property name="minIdle" value="${jdbc.minIdle}"/>
        <property name="maxActive" value="${jdbc.maxActive}"/>
        <!-- 配置获取连接等待超时的时间 -->
        <property name="maxWait" value="${jdbc.maxWait}"/>
        <property name="defaultAutoCommit" value="false"/>
        <!-- 配置间隔多久才进行一次检测，检测需要关闭的空闲连接，单位是毫秒 -->
        <property name="timeBetweenEvictionRunsMillis" value="${jdbc.timeBetweenEvictionRunsMillis}"/>
        <!-- 配置一个连接在池中最小生存的时间，单位是毫秒 -->
        <property name="minEvictableIdleTimeMillis" value="${jdbc.minEvictableIdleTimeMillis}"/>
        <property name="validationQuery" value="SELECT 1 FROM DUAL"/>
        <property name="testWhileIdle" value="true"/>
        <property name="testOnBorrow" value="true"/>
        <property name="testOnReturn" value="true"/>
        <property name="removeAbandoned" value="${jdbc.removeAbandoned}"/>
        <property name="removeAbandonedTimeout" value="${jdbc.removeAbandonedTimeout}"/>
        <property name="filters" value="stat,log4j"/>
    </bean>

    <bean id="sqlSessionFactory" class="org.mybatis.spring.SqlSessionFactoryBean">
        <property name="configLocation" value="classpath:sqlText-map-config.xml" />
        <property name="mapperLocations">
            <value>classpath*:maps/*.xml</value>
        </property>
        <property name="dataSource" ref="dataSource"/>
    </bean>

    <bean id="jdbcTemplate" class="com.paic.data.dsphbd.util.MyJdbcTemplate">
        <property name="dataSource">
            <ref local="dataSource"/>
        </property>
    </bean>

    <bean id="transactionManager"
          class="org.springframework.jdbc.datasource.DataSourceTransactionManager">
        <property name="dataSource" ref="dataSource"/>
    </bean>

    <tx:annotation-driven transaction-manager="transactionManager"/>
</beans>