<?xml version="1.0" encoding="UTF-8"?>
<beans xmlns="http://www.springframework.org/schema/beans"
       xmlns:xsi="http://www.w3.org/2001/XMLSchema-instance"
       xmlns:context="http://www.springframework.org/schema/context"
       xmlns:tx="http://www.springframework.org/schema/tx" xmlns:aop="http://www.springframework.org/schema/aop"
       xmlns:jee="http://www.springframework.org/schema/jee"
       xsi:schemaLocation="
            http://www.springframework.org/schema/beans
            http://www.springframework.org/schema/beans/spring-beans.xsd
            http://www.springframework.org/schema/context
            http://www.springframework.org/schema/context/spring-context.xsd
            http://www.springframework.org/schema/aop
            http://www.springframework.org/schema/aop/spring-aop.xsd
            http://www.springframework.org/schema/tx
            http://www.springframework.org/schema/tx/spring-tx.xsd
            http://www.springframework.org/schema/jee
     		http://www.springframework.org/schema/jee/spring-jee-3.0.xsd">

    <context:annotation-config/>
    <context:component-scan base-package="com.paic.data.dsphbd.view"/>
    <context:component-scan base-package="com.paic.data.dsphbd.service.impl"/>
    <context:component-scan base-package="com.paic.data.dsphbd.job"/>
    <bean id="configProperties" class="org.springframework.beans.factory.config.PropertiesFactoryBean">
        <property name="locations">
            <list>
                <value>classpath:jdbc.properties</value>
                <value>classpath:zookeeper.properties</value>
                <value>classpath:dsphbd-comm.properties</value>
            </list>
        </property>
    </bean>
    <bean id="propertyConfigurer" class="org.springframework.beans.factory.config.PreferencesPlaceholderConfigurer">
        <property name="properties" ref="configProperties"/>
    </bean>


    <!-- To enable @RequestMapping process on type level and method level -->
    <bean id="multipartResolver"
          class="org.springframework.web.multipart.commons.CommonsMultipartResolver">
        <!--1024*200即200k-->
        <property name="maxUploadSize" value="204800000"/>
        <!--resolveLazily属性启用是为了推迟文件解析，以便在UploadAction 中捕获文件大小异常-->
        <property name="resolveLazily" value="true"/>
    </bean>

    <import resource="classpath:applicationContext-database.xml"/>
    <import resource="classpath:applicationContext-inspect.xml"/>
    <import resource="classpath:applicationContext-mvc.xml"/>
</beans>