<?xml version="1.0"?>
<!--
  Licensed to the Apache Software Foundation (ASF) under one or more
  contributor license agreements.  See the NOTICE file distributed with
  this work for additional information regarding copyright ownership.
  The ASF licenses this file to You under the Apache License, Version 2.0
  (the "License"); you may not use this file except in compliance with
  the License.  You may obtain a copy of the License at

      http://www.apache.org/licenses/LICENSE-2.0

  Unless required by applicable law or agreed to in writing, software
  distributed under the License is distributed on an "AS IS" BASIS,
  WITHOUT WARRANTIES OR CONDITIONS OF ANY KIND, either express or implied.
  See the License for the specific language governing permissions and
  limitations under the License.
-->
<?xml-stylesheet type="text/xsl" href="configuration.xsl"?>
<configuration>
  <property>
    <name>javax.jdo.option.ConnectionURL</name>
    <value>jdbc:mysql://datanode3/metastore?createDatabaseIfNotExist=true&amp;characterEncoding=UTF-8</value>
    <description>the URL of the MySQL database</description>
  </property>
  <property>
    <name>javax.jdo.option.ConnectionDriverName</name>
    <value>com.mysql.jdbc.Driver</value>
  </property>
  <property>
    <name>javax.jdo.option.ConnectionUserName</name>
    <value>hive</value>
  </property>
  <property>
    <name>javax.jdo.option.ConnectionPassword</name>
    <value>hive</value>
  </property>
  <property>
    <name>datanucleus.autoCreateTables</name>
    <value>true</value>
  </property>
  <property>
    <name>datanucleus.autoCreateSchema</name>
    <value>true</value>
  </property>
  <property>
    <name>datanucleus.fixedDatastore</name>
    <value>true</value>
  </property>
  <property>
    <name>datanucleus.autoStartMechanism</name>
    <value>SchemaTable</value>
  </property>
  <property>
    <name>hive.metastore.uris</name>
    <value>thrift://namenode:9083</value>
  </property>
  <property>
    <name>hive.exec.orc.default.compress</name>
    <value>SNAPPY</value>
  </property>
<!--
  <property>
    <name>hive.server2.authentication</name>
    <value>true</value>
  </property>
-->
<!--
  <property>
    <name>hive.server2.logging.operation.enabled</name>
    <value>true</value>
  </property>
  <property>
    <name>hive.server2.logging.operation.log.location</name>
    <value>/tmp/logs</value>
  </property>
  <property>
    <name>hive.server2.authentication</name>
    <value>CUSTOM</value>
  </property>
  <property>
    <name>hive.server2.custom.authentication.class</name>
    <value>org.apache.hive.service.auth.PaicHiveServer2Auth</value>
  </property>

  <property>
     <name>hive.security.authorization.enabled</name>
     <value>true</value>
     <description>enable or disable the hive client authorization</description>
  </property>
-->
  <property>
      <name>hive.metastore.authorization.storage.checks</name>
      <value>true</value>
  </property> 
  <property>
      <name>hive.metastore.authorization.storage.checks</name>
      <value>true</value>
  </property>

  <property>
      <name>hive.security.authorization.createtable.owner.grants</name>
      <value>ALL</value>
      <description>the privileges automatically granted to the owner whenever a table gets created.
                 An example like "select,drop" will grant select and drop privilege to the owner of the table</description>
  </property>

  <property>
      <name>hive.security.authorization.task.factory</name>
      <value>org.apache.hadoop.hive.ql.parse.authorization.HiveAuthorizationTaskFactoryImpl</value>
  </property>

<!--property>
    <name>hive.execution.engine</name>
    <value>tez</value>
</property-->
            <property>
                <name>hive.tez.container.size</name>
                    <value>-1</value>
                        <description>Memory in mb to be used for Tez tasks. If this is not specified (-1) then the memory settings for map tasks will be used from mapreduce configuration</description>
                          </property>
                           
  <property>
      <name>hive.tez.java.opts</name>
          <value></value>
              <description>Java opts to be specified for Tez tasks. If this is not specified then java opts for map tasks will be used from mapreduce configuration</description>
                </property>
                  
  <property>
      <name>hive.server2.tez.default.queues</name>
          <value>default,hadoop,dspuser,deployop</value>
            </property>
              
  <property>
      <name>hive.server2.tez.sessions.per.default.queue</name>
          <value>1</value>
            </property>
              
  <property>
      <name>hive.server2.tez.initialize.default.sessions</name>
          <value>false</value>
            </property>
              
  <property>
      <name>hive.server2.enable.doAs</name>
      <value>false</value>
  </property>
<property>
	<name>hive.mapjoin.optimized.hashtable</name>
	<value>true</value>
</property>

<property>
<name>hive.convert.join.bucket.mapjoin.tez</name>
<value>true</value>
</property>

<!--
<property> 
<name>hive.server2.authentication</name> 
<value>NONE</value> 
</property>
<property>
<name>hive.server2.authentication.ldap.url</name>
<value>ldap://namenode:389</value>
</property>
<property>
<name>hive.server2.authentication.ldap.baseDN</name>
<value>ou=People,dc=test,dc=com</value>
</property>-->
<!--property>
<name>hive.server2.authentication.ldap.userDNPattern</name>
<value>UID=%s,OU=People,DC=test,DC=com</value>
</property>
<property>
<name>hive.server2.authentication.ldap.groupDNPattern</name>
<value>CN=%s,OU=Group,DC=test,DC=com</value>
</property-->

  <!-- sentry for hive-server2 
  <property>
    <name>hive.security.authorization.task.factory</name>
    <value>org.apache.sentry.binding.hive.SentryHiveAuthorizationTaskFactoryImpl</value>
  </property>
  <property>
    <name>hive.server2.session.hook</name>
    <value>org.apache.sentry.binding.hive.HiveAuthzBindingSessionHook</value>
  </property>
  <property>
    <name>hive.sentry.conf.url</name>
    <value>file:///etc/hive/conf/sentry-site.xml</value>
  </property>

  <property>
    <name>hive.metastore.filter.hook</name>
    <value>org.apache.sentry.binding.metastore.SentryMetaStoreFilterHook</value>
  </property>
  <property>  
    <name>hive.metastore.pre.event.listeners</name>  
    <value>org.apache.sentry.binding.metastore.MetastoreAuthzBinding</value>  
    <description>list of comma separated listeners for metastore events.</description>
  </property>
  <property>
    <name>hive.metastore.event.listeners</name>  
    <value>org.apache.sentry.binding.metastore.SentryMetastorePostEventListener</value>  
    <description>list of comma separated listeners for metastore, post events.</description>
  </property>

  <property>
    <name>sentry.metastore.plugins</name>
    <value>org.apache.sentry.hdfs.MetastorePlugin</value>
  </property>
  <property>
    <name>sentry.hdfs.service.client.server.rpc-port</name>
    <value>8038</value>
  </property>
  <property>
    <name>sentry.hdfs.service.client.server.rpc-address</name>
    <value>namenode</value>
  </property>
  <property>
    <name>sentry.hdfs.service.client.server.rpc-connection-timeout</name>
    <value>200000</value>
  </property>
  <property>
    <name>sentry.hdfs.service.security.mode</name>
    <value>kerberos</value>
  </property>
  <property>
    <name>sentry.hdfs.service.server.principal</name>
    <value>sentry/_HOST@HADOOP.COM</value>
  </property>

  <property>
    <name>hive.metastore.sasl.enabled</name>
    <value>true</value>
  </property>
  <property>
    <name>hive.metastore.kerberos.keytab.file</name>
    <value>/etc/hive/conf/hive.keytab</value>
  </property>
  <property>
    <name>hive.metastore.kerberos.principal</name>
    <value>hive/namenode@HADOOP.COM</value>
  </property>

  <property>
    <name>hive.server2.authentication</name>
    <value>KERBEROS</value>
  </property>
  <property>
    <name>hive.server2.authentication.kerberos.principal</name>
    <value>hive/namenode@HADOOP.COM</value>
  </property>
  <property>
    <name>hive.server2.authentication.kerberos.keytab</name>
    <value>/etc/hive/conf/hive.keytab</value>
  </property>
  <property>
    <name>hive.server2.enable.impersonation</name>
    <value>true</value>
  </property-->

  <property>
    <name>hive.tez.auto.reducer.parallelism</name>
    <value>false</value>
  </property>
  <!--property>
    <name>hive.exec.reducers.bytes.per.reducer</name>
    <value>512000000</value>
  </property-->
  <property>
    <name>hive.tez.dynamic.partition.pruning</name>
    <value>false</value>
  </property>
  <property>
    <name>hive.vectorized.execution.enabled</name>
    <value>false</value>
  </property>
  <property>
    <name>hive.vectorized.execution.reduce.enabled</name>
    <value>false</value>
  </property>
  <property>
    <name>hive.cli.tez.session.async</name>
    <value>true</value>
  </property>
  <property>
    <name>presto.url</name>
    <value>jdbc:presto://10.25.80.186:8080/hive/default</value>
  </property>
  <property>
    <name>presto.username</name>
    <value>hive</value>
  </property>
</configuration>

