<?xml version="1.0"?>
<configuration>
  <property>
    <name>fs.defaultFS</name>
    <value>hdfs://pasc</value>
  </property>
  <property>
    <name>fs.trash.interval</name>
    <value>14400</value>
  </property>
  <property>
    <name>fs.trash.checkpoint.interval</name>
    <value>720</value>
  </property>
  <property>
    <name>ha.zookeeper.quorum</name>
    <value>10.25.161.128:2181,10.25.161.129:2181,10.25.161.130:2181,10.25.161.183:2181,10.25.161.184:2181</value>
  </property>
  <property>
    <name>io.compression.codecs</name>
    <value>
        org.apache.hadoop.io.compress.GzipCodec,
        org.apache.hadoop.io.compress.DefaultCodec,
        org.apache.hadoop.io.compress.BZip2Codec,
        org.apache.hadoop.io.compress.SnappyCodec
    </value>
  </property>
  <property>
    <name>hadoop.proxyuser.mapred.groups</name>
    <value>*</value>
  </property>
  <property>
    <name>hadoop.proxyuser.mapred.hosts</name>
    <value>*</value>
  </property>
  <property>
    <name>hadoop.proxyuser.hue.groups</name>
    <value>*</value>
  </property>
  <property>
    <name>hadoop.proxyuser.hue.hosts</name>
    <value>*</value>
  </property>
  <property>
    <name>hadoop.proxyuser.WANKUN603.groups</name>
    <value>*</value>
  </property>
  <property>
    <name>hadoop.proxyuser.WANKUN603.hosts</name>
    <value>*</value>
  </property>
  <!--property>
    <name>hadoop.security.authentication</name>
    <value>kerberos</value>
  </property>
  <property>
    <name>hadoop.security.authorization</name>
    <value>true</value>
  </property-->
  <property>
    <name>hadoop.proxyuser.yarn.hosts</name>
    <value>*</value>
  </property>
  <property>
    <name>hadoop.proxyuser.yarn.groups</name>
    <value>*</value>
  </property>
  <property>
    <name>hadoop.proxyuser.hive.hosts</name>
    <value>*</value>
  </property>
  <property>
    <name>hadoop.proxyuser.hive.groups</name>
    <value>*</value>
  </property>

  <!-- for htrace 
  <property>
    <name>hadoop.htrace.span.receiver.classes</name>
    <value>org.apache.htrace.impl.HTracedSpanReceiver</value>
  </property>
  <property>
    <name>hadoop.htrace.htraced.receiver.address</name>
    <value>namenode:9075</value>
  </property>
  <property>
    <name>hadoop.htrace.htraced.error.log.period.ms</name>
    <value>10000</value>
  </property>
  <property>
    <name>fs.client.htrace.sampler.classes</name>
    <value>ProbabilitySampler</value>
  </property>
  <property>
    <name>hadoop.htrace.sampler.fraction</name>
    <value>0.001</value>
  </property>-->
</configuration>
