<?xml version="1.0"?>
<configuration>
  <property>
    <name>dfs.nameservices</name>
    <value>pasc</value>
  </property>
  <property>
    <name>dfs.ha.namenodes.pasc</name>
    <value>namenode,datanode1</value>
  </property>
  <property>
    <name>dfs.namenode.rpc-address.pasc.namenode</name>
    <value>namenode:8020</value>
  </property>
  <property>
    <name>dfs.namenode.http-address.pasc.namenode</name>
    <value>namenode:50070</value>
  </property>
  <property>
    <name>dfs.namenode.rpc-address.pasc.datanode1</name>
    <value>datanode1:8020</value>
  </property>
  <property>
    <name>dfs.namenode.http-address.pasc.datanode1</name>
    <value>datanode1:50070</value>
  </property>
  <property>
    <name>dfs.namenode.shared.edits.dir</name>
    <value>qjournal://namenode:8485;datanode1:8485;datanode2:8485/pasc</value>
  </property>
  <property>
    <name>dfs.journalnode.edits.dir</name>
    <value>/data/namenode/jn</value>
  </property>
  <property>
    <name>dfs.ha.automatic-failover.enabled</name>
    <value>true</value>
  </property>
  <property>
    <name>dfs.replication</name>
    <value>2</value>
  </property>
  <property>
    <name>dfs.namenode.name.dir</name>
    <value>/data/namenode/nn</value>
  </property>
  <property>
    <name>dfs.datanode.data.dir</name>
    <value>/data/datanode/0,/data/datanode/1,/data/datanode/2</value>
  </property>
  <property>
    <name>dfs.webhdfs.enabled</name>
    <value>true</value>
  </property>
  <property>
    <name>dfs.ha.fencing.methods</name>
    <value>sshfence</value>
  </property>
  <property>
    <name>dfs.ha.fencing.ssh.private-key-files</name>
    <value>/var/lib/hadoop-hdfs/.ssh/id_rsa</value>
  </property>
  <property>
    <name>dfs.ha.fencing.ssh.connect-timeout</name>
    <value>5000</value>
  </property>
  <property>
    <name>dfs.client.failover.proxy.provider.pasc</name>
    <value>org.apache.hadoop.hdfs.server.namenode.ha.ConfiguredFailoverProxyProvider</value>
  </property>
  <!-- for performance args -->
  <property>
    <name>dfs.datanode.max.xcievers</name>
    <value>8192</value>
  </property>
  <property>
    <name>dfs.stream-buffer-size</name>
    <value>65536</value>
  </property>
  <property>
    <name>dfs.balance.bandwidthPerSec</name>
    <value>41943040</value>
    <description>
    Specifies the maximum amount of bandwidth that each datanode can utilize for the balancing purpose in term of the number of bytes per second.
  </description>
  </property>
  <property>
    <name>dfs.datanode.failed.volumes.tolerated</name>
    <value>1</value>
  </property>


  <!--property>
    <name>dfs.block.access.token.enable</name>
    <value>true</value>
  </property>
  
  <property>
    <name>dfs.namenode.keytab.file</name>
    <value>/etc/hadoop/conf/hdfs.keytab</value>
  </property>
  <property>
    <name>dfs.namenode.kerberos.principal</name>
    <value>hdfs/_HOST@HADOOP.COM</value>
  </property>
  <property>
    <name>dfs.namenode.kerberos.internal.spnego.principal</name>
    <value>HTTP/_HOST@HADOOP.COM</value>
  </property>
  
  <property>
    <name>dfs.datanode.data.dir.perm</name>
    <value>700</value> 
  </property>
  <property>
    <name>dfs.datanode.address</name>
    <value>0.0.0.0:1004</value>
  </property>
  <property>
    <name>dfs.datanode.http.address</name>
    <value>0.0.0.0:1006</value>
  </property>
  <property>
    <name>dfs.datanode.keytab.file</name>
    <value>/etc/hadoop/conf/hdfs.keytab</value>
  </property>
  <property>
    <name>dfs.datanode.kerberos.principal</name>
    <value>hdfs/_HOST@HADOOP.COM</value>
  </property>
  
  <property>
    <name>dfs.web.authentication.kerberos.principal</name>
    <value>HTTP/_HOST@HADOOP.COM</value>
  </property>
  <property>
    <name>dfs.journalnode.keytab.file</name>
    <value>/etc/hadoop/conf/hdfs.keytab</value>
  </property>
  <property>
    <name>dfs.journalnode.kerberos.principal</name>
    <value>hdfs/_HOST@HADOOP.COM</value>
  </property>
  <property>
    <name>dfs.journalnode.kerberos.internal.spnego.principal</name>
    <value>HTTP/_HOST@HADOOP.COM</value>
  </property>

  <property>
    <name>dfs.namenode.acls.enabled</name>
    <value>true</value>
  </property>
  <property>
    <name>dfs.namenode.authorization.provider.class</name>
    <value>org.apache.sentry.hdfs.SentryAuthorizationProvider</value>
  </property>
  <property>
    <name>dfs.permissions</name>
    <value>true</value>
  </property>
  <property>
    <name>sentry.authorization-provider.hdfs-path-prefixes</name>
    <value>/user/hive/warehouse</value>
  </property>
  <property>
    <name>sentry.hdfs.service.security.mode</name>
    <value>kerberos</value>
  </property>
  <property>
    <name>sentry.hdfs.service.server.principal</name>
    <value>sentry/_HOST@HADOOP.COM</value>
  </property>
  <property>
    <name>sentry.hdfs.service.client.server.rpc-port</name>
    <value>8038</value>
  </property>
  <property>
    <name>sentry.hdfs.service.client.server.rpc-address</name>
    <value>namenode</value>
  </property-->

<!-- for impala -->
  <property>
    <name>dfs.datanode.hdfs-blocks-metadata.enabled</name>
    <value>true</value>
  </property>
  <property>  
    <name>dfs.client.read.shortcircuit</name>  
    <value>true</value>  
  </property>  
  <property>  
    <name>dfs.domain.socket.path</name>  
    <value>/var/run/hdfs-sockets/dn._PORT</value>  
  </property>  
  <property>  
    <name>dfs.client.file-block-storage-locations.timeout.millis</name>  
    <value>10000</value>  
  </property>
</configuration>
