<?xml version="1.0"?>
<!--
  Licensed to the Apache Software Foundation (ASF) under one or more
  contributor license agreements.  See the NOTICE file distributed with
  this work for additional information regarding copyright ownership.
  The ASF licenses this file to You under the Apache License, Version 2.0
  (the "License"); you may not use this file except in compliance with
  the License.  You may obtain a copy of the License at

      http://www.apache.org/licenses/LICENSE-2.0

  Unless required by applicable law or agreed to in writing, software
  distributed under the License is distributed on an "AS IS" BASIS,
  WITHOUT WARRANTIES OR CONDITIONS OF ANY KIND, either express or implied.
  See the License for the specific language governing permissions and
  limitations under the License.
-->
<?xml-stylesheet type="text/xsl" href="configuration.xsl"?>

<configuration>
  <property>
     <name>yarn.application.classpath</name>
     <value>
        $HADOOP_CONF_DIR,
        $HADOOP_COMMON_HOME/*,$HADOOP_COMMON_HOME/lib/*,
        $HADOOP_HDFS_HOME/*,$HADOOP_HDFS_HOME/lib/*,
        $HADOOP_MAPRED_HOME/*,$HADOOP_MAPRED_HOME/lib/*,
        $HADOOP_YARN_HOME/*,$HADOOP_YARN_HOME/lib/*
     </value>
  </property>

  <property>
    <name>yarn.nodemanager.aux-services</name>
    <value>mapreduce_shuffle</value>
  </property>

  <property>
	<name>yarn.resourcemanager.ha.enabled</name>
	<value>true</value>
  </property>
  <property>
  	<name>yarn.resourcemanager.ha.rm-ids</name>
  	<value>rm1,rm2</value>
  </property>
  <property>
  	<name>yarn.resourcemanager.hostname.rm1</name>
  	<value>namenode</value>
  </property>
  <property>
  	<name>yarn.resourcemanager.hostname.rm2</name>
  	<value>datanode1</value>
  </property>
  <property>
  	<name>yarn.resourcemanager.recovery.enabled</name>
  	<value>true</value>
  </property>
  <property>
      <name>yarn.resourcemanager.work-preserving-recovery.enabled</name>
      <value>true</value>
  </property>
  <property>
  	<name>yarn.resourcemanager.store.class</name>
  		<value>org.apache.hadoop.yarn.server.resourcemanager.recovery.ZKRMStateStore</value>
  </property>
  <property>
  	<name>yarn.resourcemanager.zk-address</name>
  		<value>10.25.161.128:2181,10.25.161.129:2181,10.25.161.130:2181,10.25.161.183:2181,10.25.161.184:2181</value>
  		<description>For multiple zk services, separate them with comma</description>
  </property>
  <property>
  	<name>yarn.resourcemanager.cluster-id</name>
  	<value>yarn-ha</value>
  </property>
  <property>
  	<name>yarn.resourcemanager.ha.automatic-failover.enabled</name>
  	<value>true</value>
  	<description>Enable automatic failover; By default, it is enabled only when HA is enabled.</description>
  </property>
  <property>
    <name>yarn.resourcemanager.ha.automatic-failover.zk-base-path</name>
    <value>/yarn-leader-election</value>
    <description>Optional setting. The default value is /yarn-leader-election</description>
  </property>
  <property>
  	<name>yarn.resourcemanager.address.rm1</name>
  	<value>namenode:8032</value>
  </property>
  <property>
  	<name>yarn.resourcemanager.address.rm2</name>
  	<value>datanode1:8032</value>
  </property>
  <property>
  	<name>yarn.resourcemanager.scheduler.address.rm1</name>
  	<value>namenode:8030</value>
  </property>
  <property>
  	<name>yarn.resourcemanager.scheduler.address.rm2</name>
  	<value>datanode1:8030</value>
  </property>
  <property>
  	<name>yarn.resourcemanager.resource-tracker.address.rm1</name>
  	<value>namenode:8031</value>
  </property>
  <property>
  	<name>yarn.resourcemanager.resource-tracker.address.rm2</name>
  	<value>datanode1:8031</value>
  </property>
  <property>
  	<name>yarn.resourcemanager.webapp.address.rm1</name>
  	<value>namenode:8088</value>
  </property>
  <property>
  	<name>yarn.resourcemanager.webapp.address.rm2</name>
  	<value>datanode1:8088</value>
  </property>

  <property>
    <name>yarn.log-aggregation-enable</name>
    <value>true</value>
  </property>
  <property>    
    <name>yarn.log-aggregation.retain-seconds</name>    
    <value>518400</value>  
  </property>
  <property>
    <name>yarn.log-aggregation.retain-check-interval-seconds</name>    
    <value>86400</value>  
  </property>
  
  <property>
    <name>yarn.log.server.url</name>
    <value>http://namenode:19888/jobhistory/logs</value>
  </property>

  <property>
    <description>List of directories to store localized files in.</description>
    <name>yarn.nodemanager.local-dirs</name>
    <value>/data/yarn/local</value>
  </property>

  <property>
    <description>Where to store container logs.</description>
    <name>yarn.nodemanager.log-dirs</name>
    <value>/data/yarn/logs</value>
  </property>
  <property>
    <name>yarn.nodemanager.delete.debug-delay-sec</name>
    <value>600</value>
  </property>
  
  <!-- resource-usage -->
  <property>
    <name>yarn.nodemanager.resource.memory-mb</name>
    <value>12288</value>
  </property>
  <property>
    <name>yarn.nodemanager.resource.cpu-vcores</name>
    <value>8</value>
  </property>
  
  <property>
    <name>yarn.resourcemanager.scheduler.class</name>
    <value>org.apache.hadoop.yarn.server.resourcemanager.scheduler.fair.FairScheduler</value>
  </property>

  <!--property>
    <name>yarn.resourcemanager.scheduler.class</name>
    <value>org.apache.hadoop.yarn.server.resourcemanager.scheduler.capacity.CapacityScheduler</value>
  </property-->


  <property>
    <name>yarn.nodemanager.remote-app-/valuelog-dir</name>
    <value>/metadata/logs/yarn</value>
  </property>

  <!-- enable timeline-server 
  <property>
    <name>yarn.timeline-service.enabled</name>
    <value>true</value>
  </property>
  <property>
    <name>yarn.resourcemanager.system-metrics-publisher.enabled</name>
    <value>true</value>
  </property>
  <property>
    <name>yarn.timeline-service.generic-application-history.enabled</name>
    <value>true</value>
  </property>
  -->

  <!-- fair schedule -->

  <property>
    <name>yarn.resourcemanager.scheduler.class</name>
    <value>org.apache.hadoop.yarn.server.resourcemanager.scheduler.fair.FairScheduler</value>
  </property>
  <property>
    <name>yarn.scheduler.fair.allocation.file</name>
    <value>/etc/hadoop/conf/fair-scheduler.xml</value>
  </property>
  <property>
    <name>yarn.scheduler.fair.preemption</name>
    <value>false</value>
  </property>
  <property>
    <name>yarn.scheduler.fair.sizebasedweight</name>
    <value>false</value>
  </property>
  <property>
    <name>yarn.scheduler.fair.allow-undeclared-pools</name>
    <value>false</value>
  </property>
  <property>
    <name>yarn.scheduler.fair.assignmultiple</name>
    <value>false</value>
  </property>

  <property>
      <name>mapreduce.job.reduce.slowstart.completedmaps</name>
      <value>0.8</value>
      <description>Fraction of the number of maps in the job which should be
                              complete before reduces are scheduled for the job.
      </description>
  </property>


  <property>
	  <name>yarn.timeline-service.store-class</name>
	  <value>org.apache.hadoop.yarn.server.timeline.ElasticSearchTimelineStore</value>
  </property>
  <property>
	  <name>yarn.timeline-service.es.nodes</name>
	  <value>10.25.164.23:9300,10.25.164.77:9300,10.25.164.78:9300</value>
  </property>
  <property>
	  <name>yarn.timeline-service.es.cluster.name</name>
	  <value>elasticsearch</value>
  </property>

<!--
  <property>
	  <name>yarn.timeline-service.store-class</name>
	  <value>org.apache.hadoop.yarn.server.timeline.LeveldbTimelineStore</value>
  </property>
  <property>
	  <name>yarn.timeline-service.leveldb-timeline-store.path</name>
	  <value>/data/log/hadoop-yarn/timeline/leveldb</value>
  </property>
-->  
  <property>
	  <name>yarn.timeline-service.bind-host</name>
	  <value>10.20.9.35</value>
  </property>
  <property>
	  <name>yarn.timeline-service.hostname</name>
	  <value>namenode</value>
  </property>
  <property>
	  <name>yarn.timeline-service.http-cross-origin.enabled</name>
	  <value>true</value>
  </property>
  <property>
	  <name>yarn.resourcemanager.system-metrics-publisher.enabled</name>
	  <value>true</value>
  </property>
  <property>
	  <name>yarn.timeline-service.generic-application-history.enabled</name>
	  <value>true</value>
  </property>
  <property>
	  <name>yarn.timeline-service.enabled</name>
	  <value>true</value>
  </property>
  <property>
    <description>Time to live for timeline store data in milliseconds.</description>
    <name>yarn.timeline-service.ttl-ms</name>
    <value>302400000</value>
  </property>
  <!-- 
  <property>
    <name>yarn.resourcemanager.keytab</name>
    <value>/etc/hadoop/conf/yarn.keytab</value>
  </property>
  <property>
    <name>yarn.resourcemanager.principal</name>
    <value>yarn/_HOST@HADOOP.COM</value>
  </property>
  <property>
    <name>yarn.nodemanager.keytab</name>
    <value>/etc/hadoop/conf/yarn.keytab</value> 
  </property>
  <property>
    <name>yarn.nodemanager.principal</name>
    <value>yarn/_HOST@HADOOP.COM</value>
  </property>
  <property>
    <name>yarn.nodemanager.container-executor.class</name>
    <value>org.apache.hadoop.yarn.server.nodemanager.LinuxContainerExecutor</value>
  </property>
  <property>
    <name>yarn.nodemanager.linux-container-executor.group</name>
    <value>yarn</value>
  </property>
  <property>
    <name>yarn.resourcemanager.proxy-user-privileges.enabled</name>
    <value>true</value>
  </property-->
</configuration>

